category,releases,dollars_stolen
"Fraud, other",84,122591176.0
Theft,66,22068599.0
Bribery and kickbacks,43,6905600.0
Uncategorised,42,57115000.0
Contraband smuggling,40,127142.0
Contracting and procurement fraud,30,18600032.0
Assault and cover-ups,28,10700000.0
Forgery and fake credentials,27,185280.0
Deaths and reckless endangerment,23,2054996.0
Benefits fraud,23,2312100.0
Racketeering and violent crime,18,10000.0
Sexual misconduct,14,0.0
Workers' compensation fraud,10,0.0
Drug offenses,8,0.0
Embezzlement,8,8500000.0
Payroll and wage abuse,7,2763000.0
Tenant harassment and eviction,7,118000.0
Obstruction and tampering,6,93400.0
Unlicensed operation,5,14000.0
Extortion,4,65000.0
Conflict of interest,3,4724.0
Tax offenses,3,10925213.0
